{
  "method": "temperature",
  "temperature": 0.6147909164428711,
  "meta": {
    "fit_split": "dev_pairs",
    "stats": {
      "nll_raw": 0.5273938179016113,
      "nll_calibrated": 0.5037022233009338,
      "brier_raw": 0.1713366061449051,
      "brier_calibrated": 0.1619868129491806,
      "ece_15_raw": 0.10054719826194404,
      "ece_15_calibrated": 0.02393808195060678
    }
  }
}