{
  "nll_raw": 0.5311867594718933,
  "nll_calibrated": 0.5185905694961548,
  "brier_raw": 0.17377054691314697,
  "brier_calibrated": 0.16890305280685425,
  "ece_15_raw": 0.10034040041804161,
  "ece_15_calibrated": 0.05331215367179015
}