{
  "method": "temperature",
  "temperature": 0.43587130308151245,
  "meta": {
    "fit_split": "dev_pairs",
    "stats": {
      "nll_raw": 0.5633790493011475,
      "nll_calibrated": 0.5118727087974548,
      "brier_raw": 0.18715153634548187,
      "brier_calibrated": 0.16594381630420685,
      "ece_15_raw": 0.16131283821594466,
      "ece_15_calibrated": 0.033189676228545795
    }
  }
}