{
  "epoch": 2,
  "train_loss_mean": 0.9788197303699737,
  "dev_auc": 0.5740338494527801
}