{
  "epoch": 2,
  "train_loss_mean": 0.9726654050907001,
  "dev_auc": 0.5727324253550781
}