{
  "epoch": 1,
  "train_loss_mean": 0.9879406144535143,
  "dev_auc": 0.5859558252490464
}