{
  "epoch": 1,
  "train_loss_mean": 0.9829307005037802,
  "dev_auc": 0.5831539334925984
}