{
  "ranking": {
    "ndcg@5": 0.2686375249974708,
    "ndcg@10": 0.3331669111212692,
    "recall@5": 0.40004124898940585,
    "recall@10": 0.5866275624848803,
    "map@5": 0.2121491893591426,
    "map@10": 0.2399561295899107,
    "mrr": 0.2892497763112147,
    "auc": 0.5695414148698759
  },
  "calibration": {
    "method": "temperature",
    "temperature": 0.6147909164428711,
    "raw_brier": 0.1073182076215744,
    "raw_ece_15": 0.25833887361162133,
    "brier": 0.06922032684087753,
    "ece_15": 0.16468599578129844
  },
  "slices": {
    "overall": {
      "ndcg@5": 0.2686375249974708,
      "ndcg@10": 0.3331669111212692,
      "recall@5": 0.40004124898940585,
      "recall@10": 0.5866275624848803,
      "map@5": 0.2121491893591426,
      "map@10": 0.2399561295899107,
      "mrr": 0.2892497763112147,
      "auc": 0.5695414148698759
    },
    "cold_user": {
      "ndcg@5": 0.29782497155629123,
      "ndcg@10": 0.3621168206090627,
      "recall@5": 0.45009025409762843,
      "recall@10": 0.6386409981548736,
      "map@5": 0.23867455850960603,
      "map@10": 0.26631783999132713,
      "mrr": 0.3028255927141219,
      "auc": 0.554684851469264
    },
    "warm_user": {
      "ndcg@5": 0.26385112929630916,
      "ndcg@10": 0.32841946868768246,
      "recall@5": 0.39183380465491613,
      "recall@10": 0.5780979747940972,
      "map@5": 0.20779934283804857,
      "map@10": 0.23563312116619248,
      "mrr": 0.28702350313792824,
      "auc": 0.5719777153887108
    }
  },
  "n_impressions": 73152,
  "n_scored_pairs": 2740998,
  "device": "cpu"
}