{
  "ranking": {
    "ndcg@5": 0.27896181834009537,
    "ndcg@10": 0.34135743377419,
    "recall@5": 0.4109889867678498,
    "recall@10": 0.59072086181601,
    "map@5": 0.22268790402935745,
    "map@10": 0.24974560284112207,
    "mrr": 0.2973770480646487,
    "auc": 0.5735029047557566
  },
  "calibration": {
    "method": "temperature",
    "temperature": 0.7057192325592041,
    "raw_brier": 0.11117985099554062,
    "raw_ece_15": 0.2573979026187291,
    "brier": 0.08753187954425812,
    "ece_15": 0.19521874057534416
  },
  "slices": {
    "overall": {
      "ndcg@5": 0.27896181834009537,
      "ndcg@10": 0.34135743377419,
      "recall@5": 0.4109889867678498,
      "recall@10": 0.59072086181601,
      "map@5": 0.22268790402935745,
      "map@10": 0.24974560284112207,
      "mrr": 0.2973770480646487,
      "auc": 0.5735029047557566
    },
    "cold_user": {
      "ndcg@5": 0.31701569013692116,
      "ndcg@10": 0.37644685279865786,
      "recall@5": 0.4667972347746266,
      "recall@10": 0.6411868452342447,
      "map@5": 0.2586824557431485,
      "map@10": 0.2844186888517976,
      "mrr": 0.31994165425276583,
      "auc": 0.5714315649849464
    },
    "warm_user": {
      "ndcg@5": 0.2727214338647415,
      "ndcg@10": 0.33560318445894055,
      "recall@5": 0.40183709477857693,
      "recall@10": 0.5824450379750603,
      "map@5": 0.2167852236684382,
      "map@10": 0.2440596272113919,
      "mrr": 0.2936767197800365,
      "auc": 0.5738425799566917
    }
  },
  "n_impressions": 73152,
  "n_scored_pairs": 2740998,
  "device": "cpu"
}