{
  "ranking": {
    "ndcg@5": 0.27543151804165555,
    "ndcg@10": 0.3392728948851388,
    "recall@5": 0.4106079145109618,
    "recall@10": 0.5947597779794453,
    "map@5": 0.21731195167444348,
    "map@10": 0.2449614583069849,
    "mrr": 0.2954611295740542,
    "auc": 0.5791380888261791
  },
  "calibration": {
    "method": "sigmoid",
    "temperature": 1.0,
    "raw_brier": 0.11127357929944992,
    "raw_ece_15": 0.26663905571787483,
    "brier": 0.11127357929944992,
    "ece_15": 0.26663905571787483
  },
  "slices": {
    "overall": {
      "ndcg@5": 0.27543151804165555,
      "ndcg@10": 0.3392728948851388,
      "recall@5": 0.4106079145109618,
      "recall@10": 0.5947597779794453,
      "map@5": 0.21731195167444348,
      "map@10": 0.2449614583069849,
      "mrr": 0.2954611295740542,
      "auc": 0.5791380888261791
    },
    "cold_user": {
      "ndcg@5": 0.30710939207221927,
      "ndcg@10": 0.36643424663078045,
      "recall@5": 0.46840392328093666,
      "recall@10": 0.641812463228386,
      "map@5": 0.24494663302930333,
      "map@10": 0.2706038989517147,
      "mrr": 0.30671961058640157,
      "auc": 0.5593868007697225
    },
    "warm_user": {
      "ndcg@5": 0.27023672171795965,
      "ndcg@10": 0.33481875474749156,
      "recall@5": 0.4011300532885552,
      "recall@10": 0.5870436946300581,
      "map@5": 0.21278019108437912,
      "map@10": 0.2407564016083154,
      "mrr": 0.2936148719711319,
      "auc": 0.5823770662425596
    }
  },
  "n_impressions": 73152,
  "n_scored_pairs": 2740998,
  "device": "cpu"
}