{
  "ranking": {
    "ndcg@5": 0.2848131011120674,
    "ndcg@10": 0.342931158045184,
    "recall@5": 0.4219499455542872,
    "recall@10": 0.5886396457546244,
    "map@5": 0.22664376154369595,
    "map@10": 0.25190704848245177,
    "mrr": 0.3009795383183912,
    "auc": 0.5772026105937461
  },
  "calibration": {
    "method": "temperature",
    "temperature": 0.43587130308151245,
    "raw_brier": 0.14238858222961426,
    "raw_ece_15": 0.31888807117856527,
    "brier": 0.07902450114488602,
    "ece_15": 0.18002704538418401
  },
  "slices": {
    "overall": {
      "ndcg@5": 0.2848131011120674,
      "ndcg@10": 0.342931158045184,
      "recall@5": 0.4219499455542872,
      "recall@10": 0.5886396457546244,
      "map@5": 0.22664376154369595,
      "map@10": 0.25190704848245177,
      "mrr": 0.3009795383183912,
      "auc": 0.5772026105937461
    },
    "cold_user": {
      "ndcg@5": 0.31892957783631726,
      "ndcg@10": 0.3780211011215355,
      "recall@5": 0.46924999768974157,
      "recall@10": 0.6412423876983356,
      "map@5": 0.2602031448778489,
      "map@10": 0.28608455358985563,
      "mrr": 0.3228310930454462,
      "auc": 0.5750916532361574
    },
    "warm_user": {
      "ndcg@5": 0.27921840281591304,
      "ndcg@10": 0.3371768227916296,
      "recall@5": 0.4141932969639554,
      "recall@10": 0.5800134188114316,
      "map@5": 0.22114041996838835,
      "map@10": 0.2463023422539423,
      "mrr": 0.2973961420319604,
      "auc": 0.5775487826099015
    }
  },
  "n_impressions": 73152,
  "n_scored_pairs": 2740998,
  "device": "cpu"
}