{
  "k_out": 10,
  "pool_size": 50,
  "baseline": {
    "ndcg@k": 0.3331669111212692,
    "recall@k": 0.5866275624848803,
    "ild": 0.9597831537124142,
    "category_coverage": 5.826238517060368,
    "category_entropy": 1.5929356187415795,
    "fairness_kl_full": 0.3984410180130958,
    "fairness_kl_pool": 0.37396718932341705,
    "fairness_gini": 0.2866978385745275,
    "new_item_exposure_frac": 0.5268030827967605
  },
  "reranked": {
    "ndcg@k": 0.32739771336563656,
    "recall@k": 0.5792666039018088,
    "ild": 0.9632784300102261,
    "category_coverage": 6.4409175415573054,
    "category_entropy": 1.7036197890893394,
    "fairness_kl_full": 0.2662264058876922,
    "fairness_kl_pool": 0.24024184537138876,
    "fairness_gini": 0.28477459385548454,
    "new_item_exposure_frac": 0.5763079110215032
  },
  "weights": {
    "relevance": 0.9,
    "novelty": 0.05,
    "coverage": 0.05
  },
  "novelty_sim": "teacher_cosine",
  "position_bias": "log"
}