{
  "k_out": 10,
  "pool_size": 50,
  "baseline": {
    "ndcg@k": 0.3392728948851388,
    "recall@k": 0.5947597779794453,
    "ild": 0.9348778839420346,
    "category_coverage": 5.749808617672791,
    "category_entropy": 1.5755318132769365,
    "fairness_kl": 0.04697993121490756,
    "fairness_gini": 0.3023959432287015,
    "new_item_exposure_frac": 0.4983437892805552
  },
  "reranked": {
    "ndcg@k": 0.3359261886622063,
    "recall@k": 0.5907443063183702,
    "ild": 0.9381956203718441,
    "category_coverage": 6.165299650043744,
    "category_entropy": 1.6481370270131637,
    "fairness_kl": 0.04778567049944287,
    "fairness_gini": 0.3056248358161014,
    "new_item_exposure_frac": 0.5188916830647764
  },
  "weights": {
    "relevance": 0.85,
    "novelty": 0.1,
    "coverage": 0.05
  },
  "novelty_sim": "teacher_cosine",
  "position_bias": "log"
}